count,left,top,right,bottom,predicted_fraction,removed
684638,0,0,752,1344,0.9948250024100328,True
150,430,42,459,72,0,False
10,312,58,315,65,0,False
16,430,68,434,75,0,False
19,307,76,311,83,0,False
33,310,79,317,88,0,False
38,325,87,331,97,0,False
17,351,96,354,104,0,False
12,378,98,382,103,0,False
10,374,102,378,108,0,False
18,481,118,487,124,0,False
37,466,123,474,129,0,False
159,485,129,500,149,0,False
61,465,134,472,147,0,False
208,474,161,484,192,0,False
193,488,162,504,189,0,False
8,253,173,255,180,0.25,False
532,489,186,512,262,0.8101503759398496,True
621,231,187,253,263,0.92914653784219,True
22,368,209,373,215,0,False
863,504,274,537,346,0.8667439165701043,True
807,206,275,239,351,0.9182156133828996,True
388,333,287,364,310,0,False
377,381,287,410,309,0,False
20,300,292,305,300,0,False
23,436,292,441,302,0,False
463,399,297,429,331,0,False
381,313,298,338,324,0,False
23,428,299,434,310,0,False
11,338,310,343,314,0,False
475,268,312,295,350,0,False
526,450,312,476,359,0,False
14,426,313,430,319,0,False
13,455,313,460,318,0,False
327,387,314,409,343,0,False
302,334,315,355,343,0,False
844,538,316,565,387,0.8578199052132701,True
20,285,317,292,324,0,False
83,314,317,324,332,0,False
19,451,317,456,323,0,False
11275,459,319,566,614,0,False
10509,176,320,284,615,0,False
711,180,321,204,386,0.9043600562587905,True
211,366,329,377,360,0,False
8,446,334,448,339,0,False
14,418,335,423,340,0,False
135,269,337,278,364,0,False
17,325,339,330,344,0,False
13,412,339,417,344,0,False
115,464,341,472,364,0,False
2335,395,343,454,432,0,False
2276,290,344,347,414,0,False
239,347,347,360,401,0,False
34,303,350,314,363,0,False
210,385,350,395,400,0,False
10,392,350,396,356,0,False
10,428,352,432,356,0,False
8,429,358,434,361,0,False
617,364,360,379,416,0,False
13,271,366,276,370,0,False
30,466,367,472,375,0,False
92,380,377,385,408,0,False
72,358,381,362,406,0,False
17,529,388,532,398,0,False
105,545,396,551,428,0.2857142857142857,True
106,191,401,197,427,0.5754716981132075,True
48,386,402,395,411,0,False
15,348,404,354,409,0,False
32,359,418,362,435,0,False
62,364,421,370,438,0,False
31,375,421,379,435,0,False
49,382,432,395,442,0,False
17,513,432,518,440,0.17647058823529413,False
10,415,439,418,445,0,False
84,350,446,406,449,0,False
2093,329,449,413,484,0,False
19,326,450,328,463,0,False
20,415,450,417,465,0,False
49,520,454,527,467,0.5714285714285714,False
245,314,455,325,486,0,False
285,418,455,431,486,0,False
14,217,457,221,464,0.6428571428571429,False
10,219,463,223,467,0.2,False
14,415,475,416,489,0,False
8,326,482,328,489,0,False
153,330,484,404,488,0,False
8,453,484,456,489,0,False
15,293,487,298,494,0,False
8,315,488,320,490,0,False
12,423,488,432,491,0,False
24156,300,489,445,762,0,False
14,397,489,400,495,0,False
8350,237,490,335,754,0,False
8125,407,490,507,757,0,False
69,286,493,294,507,0.8985507246376812,True
1635,242,493,314,645,0,False
41,420,493,426,504,0,False
1234,428,493,485,610,0,False
34,446,495,456,504,0.7352941176470589,False
13,370,496,374,500,0,False
11,442,501,446,508,0,False
8,284,508,287,514,0.125,False
9,458,512,460,520,0.3333333333333333,False
213,486,614,502,661,0,False
26,200,624,207,629,0,False
25,534,624,540,629,0,False
22,210,627,218,633,0,False
29,523,627,531,632,0,False
45,566,628,578,637,0,False
19,169,629,177,633,0,False
421,182,630,208,662,0,False
400,534,632,559,662,0,False
10,164,633,167,638,0,False
262,205,634,221,661,0,False
271,520,634,535,660,0,False
18,179,637,184,646,0,False
20,222,638,225,648,0,False
40,515,638,519,657,0,False
15,558,641,562,647,0,False
18,164,646,171,651,0,False
26,223,647,227,662,0,False
81,237,649,244,668,0,False
8,563,650,566,655,0,False
135,499,661,508,686,0,False
87,517,669,527,690,0.6551724137931034,False
67,215,671,223,691,0.7164179104477612,False
91,230,671,239,687,0,False
553,504,688,529,750,0,False
319,212,702,229,748,0,False
13,546,714,548,724,0,False
11,191,723,193,732,0.45454545454545453,False
21,547,726,550,737,0.2857142857142857,False
37,208,748,218,755,0,False
28,522,751,530,756,0,False
1109,288,753,328,792,0,False
1299,403,754,456,792,0,False
998,225,755,268,794,0,False
40,443,755,451,766,0,False
576,192,759,225,793,0,False
882,473,759,511,794,0,False
493,516,760,545,793,0,False
8,544,762,547,767,0.375,False
679,328,763,353,800,0,False
129,461,764,470,786,0,False
184,270,766,282,794,0,False
603,374,766,397,801,0,False
24,511,768,516,775,0,False
316,356,770,372,796,0,False
23,275,791,280,797,0,False
23,336,1121,343,1127,0,False
15,298,1123,304,1128,0,False
11,401,1123,405,1127,0,False
162,309,1124,332,1138,0,False
114,411,1124,431,1137,0,False
14,440,1124,444,1130,0,False
15,331,1130,335,1137,0,False
653,310,1139,341,1170,0,False
780,402,1139,435,1177,0,False
10,452,1139,458,1143,0,False
11,434,1141,438,1145,0,False
21,458,1143,464,1149,0,False
23,279,1144,286,1150,0,False
23,306,1157,310,1166,0,False
18,310,1161,316,1168,0,False
53,400,1163,408,1176,0,False
11,415,1168,419,1173,0,False
13,431,1170,433,1180,0,False
13,412,1174,418,1179,0,False
14,419,1174,423,1179,0,False
12,412,1190,416,1195,0,False
81,397,1195,418,1208,0,False
74,328,1197,345,1207,0,False
28,423,1199,430,1207,0,False
71,304,1202,320,1212,0,False
34,431,1204,439,1213,0,False
476,305,1207,349,1225,0,False
498,395,1207,439,1224,0,False
133,310,1227,330,1245,0,False
90,405,1227,422,1244,0,False
260,318,1228,346,1253,0,False
8,400,1233,404,1236,0,False
128,421,1233,438,1252,0,False
142,389,1237,407,1255,0,False
8,343,1239,345,1245,0,False
38,346,1243,354,1256,0,False
77,303,1244,312,1257,0,False
15,408,1249,420,1251,0,False
872,305,1253,356,1277,0,False
898,388,1253,438,1277,0,False
13,442,1264,445,1271,0,False
612,384,1269,443,1293,0,False
586,300,1270,355,1295,0,False
8,332,1279,340,1280,0,False
9,402,1279,411,1280,0,False
15,325,1308,340,1309,0,False
14,403,1308,417,1309,0,False
